init,resp,seqn,time,success,dist,dist_bias,err,err_bias,dist_ground_truth,fp_pwr,rx_pwr,freq_offset
11.00,8.00,1.00,4.74,1.00,21.24,21.17,0.15,0.08,21.09,-99.00,-94.69,2.00
11.00,9.00,1.00,4.74,1.00,13.76,13.71,0.67,0.62,13.09,-96.05,-90.41,1.85
11.00,10.00,1.00,4.74,1.00,7.71,7.68,0.31,0.28,7.40,-88.21,-80.61,1.48
11.00,12.00,1.00,4.74,1.00,7.41,7.38,0.10,0.07,7.31,-86.84,-81.79,2.87
11.00,13.00,1.00,4.75,1.00,14.79,14.73,0.07,0.01,14.72,-96.32,-87.37,1.47
11.00,14.00,1.00,4.75,1.00,22.01,21.93,0.10,0.02,21.91,-93.68,-91.58,-0.78
11.00,8.00,2.00,5.74,0.00,nan,nan,nan,nan,21.09,nan,nan,nan
11.00,9.00,2.00,5.74,1.00,13.80,13.75,0.71,0.66,13.09,-96.73,-90.90,1.76
11.00,10.00,2.00,5.74,1.00,7.73,7.70,0.33,0.30,7.40,-87.90,-80.54,1.29
11.00,12.00,2.00,5.75,1.00,7.36,7.33,0.05,0.02,7.31,-86.17,-81.76,2.63
11.00,13.00,2.00,5.75,1.00,14.79,14.73,0.07,0.01,14.72,-97.17,-87.53,1.52
11.00,14.00,2.00,5.75,1.00,22.00,21.92,0.09,0.01,21.91,-93.78,-91.58,-0.80
11.00,8.00,3.00,6.74,1.00,21.23,21.16,0.14,0.07,21.09,-98.53,-94.69,1.90
11.00,9.00,3.00,6.74,1.00,13.80,13.75,0.71,0.66,13.09,-95.04,-89.88,1.61
11.00,10.00,3.00,6.74,1.00,7.73,7.70,0.33,0.30,7.40,-88.47,-80.60,1.29
11.00,12.00,3.00,6.75,1.00,7.41,7.38,0.10,0.07,7.31,-85.41,-81.47,2.76
11.00,13.00,3.00,6.75,1.00,14.82,14.76,0.10,0.04,14.72,-96.61,-87.57,1.47
11.00,14.00,3.00,6.75,1.00,22.01,21.93,0.10,0.02,21.91,-93.67,-91.72,-0.76
11.00,8.00,4.00,7.74,1.00,21.16,21.09,0.07,0.00,21.09,-98.55,-94.50,2.10
11.00,9.00,4.00,7.74,1.00,13.79,13.74,0.70,0.65,13.09,-95.50,-89.97,1.69
11.00,10.00,4.00,7.74,1.00,7.69,7.66,0.29,0.26,7.40,-88.69,-80.54,1.03
11.00,12.00,4.00,7.75,1.00,7.40,7.37,0.09,0.06,7.31,-86.12,-81.78,2.75
11.00,13.00,4.00,7.75,1.00,14.78,14.72,0.06,0.00,14.72,-97.72,-87.78,1.56
11.00,14.00,4.00,7.75,1.00,21.99,21.91,0.08,0.00,21.91,-93.77,-91.82,-0.82
11.00,8.00,5.00,8.73,1.00,21.22,21.15,0.13,0.06,21.09,-98.94,-94.41,2.08
11.00,9.00,5.00,8.74,1.00,13.81,13.76,0.72,0.67,13.09,-95.96,-90.21,1.66
11.00,10.00,5.00,8.74,1.00,7.69,7.66,0.29,0.26,7.40,-88.34,-80.63,1.18
11.00,12.00,5.00,8.75,1.00,7.40,7.37,0.09,0.06,7.31,-86.54,-81.77,2.59
11.00,13.00,5.00,8.75,1.00,14.76,14.70,0.04,0.02,14.72,-97.01,-87.33,1.62
11.00,14.00,5.00,8.75,1.00,22.01,21.93,0.10,0.02,21.91,-93.20,-92.92,-0.82
11.00,8.00,6.00,9.73,1.00,21.20,21.13,0.11,0.04,21.09,-99.44,-95.40,1.93
11.00,9.00,6.00,9.74,1.00,13.76,13.71,0.67,0.62,13.09,-96.45,-90.34,1.40
11.00,10.00,6.00,9.74,1.00,7.71,7.68,0.31,0.28,7.40,-88.36,-80.56,1.07
11.00,12.00,6.00,9.74,1.00,7.41,7.38,0.10,0.07,7.31,-86.21,-81.60,2.69
11.00,13.00,6.00,9.75,1.00,14.85,14.79,0.13,0.07,14.72,-97.92,-87.52,1.62
11.00,14.00,6.00,9.75,1.00,22.05,21.97,0.14,0.06,21.91,-93.75,-91.67,-0.83
11.00,8.00,7.00,10.73,1.00,21.22,21.15,0.13,0.06,21.09,-99.07,-94.69,2.18
11.00,9.00,7.00,10.74,1.00,13.79,13.74,0.70,0.65,13.09,-95.81,-90.28,1.49
11.00,10.00,7.00,10.74,1.00,7.72,7.69,0.32,0.29,7.40,-88.08,-80.43,0.92
11.00,12.00,7.00,10.74,1.00,7.40,7.37,0.09,0.06,7.31,-85.79,-81.65,2.49
11.00,13.00,7.00,10.75,1.00,14.81,14.75,0.09,0.03,14.72,-96.40,-87.39,1.46
11.00,14.00,7.00,10.75,1.00,22.00,21.92,0.09,0.01,21.91,-93.78,-91.82,-0.79
11.00,8.00,8.00,11.73,1.00,21.18,21.11,0.09,0.02,21.09,-99.16,-95.09,2.08
11.00,9.00,8.00,11.74,1.00,13.80,13.75,0.71,0.66,13.09,-96.15,-90.38,1.34
11.00,10.00,8.00,11.74,1.00,7.69,7.66,0.29,0.26,7.40,-88.17,-80.67,1.03
11.00,12.00,8.00,11.75,1.00,7.47,7.44,0.16,0.13,7.31,-85.68,-81.51,2.58
11.00,13.00,8.00,11.75,1.00,14.78,14.72,0.06,0.00,14.72,-97.14,-87.46,1.55
11.00,14.00,8.00,11.75,1.00,22.02,21.94,0.11,0.03,21.91,-93.89,-91.49,-0.72
11.00,8.00,9.00,12.73,1.00,21.20,21.13,0.11,0.04,21.09,-98.44,-94.07,2.04
11.00,9.00,9.00,12.74,1.00,13.79,13.74,0.70,0.65,13.09,-96.03,-90.31,1.34
11.00,10.00,9.00,12.74,1.00,7.72,7.69,0.32,0.29,7.40,-88.37,-80.34,0.95
11.00,12.00,9.00,12.74,1.00,7.42,7.39,0.11,0.08,7.31,-85.64,-81.42,2.56
11.00,13.00,9.00,12.75,1.00,14.85,14.79,0.13,0.07,14.72,-96.58,-87.03,1.51
11.00,14.00,9.00,12.75,1.00,22.04,21.96,0.13,0.05,21.91,-93.98,-91.72,-0.76
11.00,8.00,10.00,13.73,0.00,nan,nan,nan,nan,21.09,nan,nan,nan
11.00,9.00,10.00,13.74,1.00,13.77,13.72,0.68,0.63,13.09,-95.41,-90.07,1.14
11.00,10.00,10.00,13.74,1.00,7.71,7.68,0.31,0.28,7.40,-87.86,-80.58,0.79
11.00,12.00,10.00,13.75,1.00,7.42,7.39,0.11,0.08,7.31,-85.54,-81.38,2.39
11.00,13.00,10.00,13.75,1.00,14.79,14.73,0.07,0.01,14.72,-97.26,-87.80,1.55
11.00,14.00,10.00,13.75,1.00,22.02,21.94,0.11,0.03,21.91,-93.12,-91.44,-0.86
11.00,8.00,11.00,14.73,1.00,21.19,21.12,0.10,0.03,21.09,-98.64,-94.59,2.06
11.00,9.00,11.00,14.74,1.00,13.84,13.79,0.75,0.70,13.09,-95.53,-89.91,1.29
11.00,10.00,11.00,14.74,1.00,7.68,7.65,0.28,0.25,7.40,-87.99,-80.54,0.79
11.00,12.00,11.00,14.75,1.00,7.41,7.38,0.10,0.07,7.31,-85.18,-81.47,2.22
11.00,13.00,11.00,14.75,1.00,14.81,14.75,0.09,0.03,14.72,-96.44,-87.10,1.56
11.00,14.00,11.00,14.76,1.00,22.07,21.99,0.16,0.08,21.91,-93.81,-91.63,-0.94
11.00,8.00,12.00,15.73,0.00,nan,nan,nan,nan,21.09,nan,nan,nan
11.00,9.00,12.00,15.74,1.00,13.77,13.72,0.68,0.63,13.09,-96.30,-90.59,1.19
11.00,10.00,12.00,15.74,1.00,7.70,7.67,0.30,0.27,7.40,-88.03,-80.56,0.85
11.00,12.00,12.00,15.75,1.00,7.39,7.36,0.08,0.05,7.31,-86.57,-81.92,2.40
11.00,13.00,12.00,15.75,1.00,14.77,14.71,0.05,0.01,14.72,-96.82,-87.64,1.44
11.00,14.00,12.00,15.75,1.00,22.04,21.96,0.13,0.05,21.91,-93.45,-91.06,-0.68
11.00,8.00,13.00,16.73,1.00,21.21,21.14,0.12,0.05,21.09,-98.82,-94.78,2.17
11.00,9.00,13.00,16.74,1.00,13.82,13.77,0.73,0.68,13.09,-96.33,-90.45,1.27
11.00,10.00,13.00,16.74,1.00,7.70,7.67,0.30,0.27,7.40,-89.04,-80.54,0.91
11.00,12.00,13.00,16.75,1.00,7.38,7.35,0.07,0.04,7.31,-86.08,-81.80,2.29
11.00,13.00,13.00,16.75,1.00,14.79,14.73,0.07,0.01,14.72,-97.12,-87.19,1.56
11.00,14.00,13.00,16.75,1.00,22.06,21.98,0.15,0.07,21.91,-93.63,-91.77,-0.80
11.00,8.00,14.00,17.73,1.00,21.19,21.12,0.10,0.03,21.09,-98.95,-94.50,2.13
11.00,9.00,14.00,17.74,1.00,13.75,13.70,0.66,0.61,13.09,-95.33,-89.91,1.01
11.00,10.00,14.00,17.74,1.00,7.67,7.64,0.27,0.24,7.40,-88.44,-80.65,0.66
11.00,12.00,14.00,17.75,1.00,7.43,7.40,0.12,0.09,7.31,-85.45,-81.55,2.32
11.00,13.00,14.00,17.75,1.00,14.82,14.76,0.10,0.04,14.72,-96.89,-87.27,1.52
11.00,14.00,14.00,17.75,1.00,22.05,21.97,0.14,0.06,21.91,-93.36,-91.44,-0.68
11.00,8.00,15.00,18.73,1.00,21.23,21.16,0.14,0.07,21.09,-98.85,-94.88,2.19
11.00,9.00,15.00,18.74,1.00,13.81,13.76,0.72,0.67,13.09,-96.20,-90.59,1.03
11.00,10.00,15.00,18.74,1.00,7.71,7.68,0.31,0.28,7.40,-88.09,-80.65,0.73
11.00,12.00,15.00,18.75,1.00,7.37,7.34,0.06,0.03,7.31,-86.52,-81.91,2.15
11.00,13.00,15.00,18.75,1.00,14.82,14.76,0.10,0.04,14.72,-96.21,-87.46,1.62
11.00,14.00,15.00,18.75,1.00,22.00,21.92,0.09,0.01,21.91,-93.20,-91.10,-0.75
11.00,8.00,16.00,19.73,0.00,nan,nan,nan,nan,21.09,nan,nan,nan
11.00,9.00,16.00,19.74,1.00,13.81,13.76,0.72,0.67,13.09,-95.70,-90.28,1.10
11.00,10.00,16.00,19.74,1.00,7.73,7.70,0.33,0.30,7.40,-87.92,-80.52,0.82
11.00,12.00,16.00,19.75,1.00,7.45,7.42,0.14,0.11,7.31,-85.41,-81.33,2.00
11.00,13.00,16.00,19.75,1.00,14.76,14.70,0.04,0.02,14.72,-96.53,-87.57,1.53
11.00,14.00,16.00,19.75,1.00,21.99,21.91,0.08,0.00,21.91,-94.21,-91.92,-0.93
11.00,8.00,17.00,20.73,0.00,nan,nan,nan,nan,21.09,nan,nan,nan
11.00,9.00,17.00,20.74,1.00,13.78,13.73,0.69,0.64,13.09,-95.42,-90.11,1.01
11.00,10.00,17.00,20.74,1.00,7.70,7.67,0.30,0.27,7.40,-88.40,-80.61,0.74
11.00,12.00,17.00,20.75,1.00,7.43,7.40,0.12,0.09,7.31,-85.88,-81.59,2.19
11.00,13.00,17.00,20.75,1.00,14.80,14.74,0.08,0.02,14.72,-96.48,-87.26,1.53
11.00,14.00,17.00,20.75,1.00,22.03,21.95,0.12,0.04,21.91,-93.36,-91.29,-0.99
11.00,8.00,18.00,21.73,1.00,21.25,21.18,0.16,0.09,21.09,-99.15,-94.59,2.17
11.00,9.00,18.00,21.74,1.00,13.82,13.77,0.73,0.68,13.09,-95.24,-89.95,1.04
11.00,10.00,18.00,21.74,1.00,7.71,7.68,0.31,0.28,7.40,-88.27,-80.52,0.50
11.00,12.00,18.00,21.75,1.00,7.39,7.36,0.08,0.05,7.31,-86.40,-81.80,2.09
11.00,13.00,18.00,21.75,1.00,14.81,14.75,0.09,0.03,14.72,-97.44,-87.38,1.65
11.00,14.00,18.00,21.75,1.00,22.00,21.92,0.09,0.01,21.91,-93.88,-91.63,-0.68
11.00,8.00,19.00,22.73,1.00,21.21,21.14,0.12,0.05,21.09,-99.26,-94.88,2.26
11.00,9.00,19.00,22.74,1.00,13.79,13.74,0.70,0.65,13.09,-95.56,-90.14,0.94
11.00,10.00,19.00,22.74,1.00,7.73,7.70,0.33,0.30,7.40,-88.09,-80.44,0.60
11.00,12.00,19.00,22.75,1.00,7.42,7.39,0.11,0.08,7.31,-85.32,-81.69,1.96
11.00,13.00,19.00,22.75,1.00,14.81,14.75,0.09,0.03,14.72,-97.72,-87.41,1.54
11.00,14.00,19.00,22.75,1.00,21.96,21.88,0.05,0.03,21.91,-94.00,-91.97,-0.73
11.00,8.00,20.00,23.73,0.00,nan,nan,nan,nan,21.09,nan,nan,nan
11.00,9.00,20.00,23.74,1.00,13.77,13.72,0.68,0.63,13.09,-95.44,-90.24,0.64
11.00,10.00,20.00,23.74,1.00,7.72,7.69,0.32,0.29,7.40,-87.88,-80.46,0.51
11.00,12.00,20.00,23.75,1.00,7.39,7.36,0.08,0.05,7.31,-86.02,-81.69,1.98
11.00,13.00,20.00,23.75,1.00,14.80,14.74,0.08,0.02,14.72,-96.03,-86.82,1.30
11.00,14.00,20.00,23.75,1.00,22.04,21.96,0.13,0.05,21.91,-93.72,-91.58,-0.91
11.00,8.00,21.00,24.73,1.00,21.23,21.16,0.14,0.07,21.09,-99.14,-94.98,1.93
11.00,9.00,21.00,24.74,1.00,13.81,13.76,0.72,0.67,13.09,-95.42,-89.95,0.65
11.00,10.00,21.00,24.74,1.00,7.71,7.68,0.31,0.28,7.40,-88.87,-80.45,0.33
11.00,12.00,21.00,24.75,1.00,7.42,7.39,0.11,0.08,7.31,-85.54,-81.53,2.04
11.00,13.00,21.00,24.75,1.00,14.79,14.73,0.07,0.01,14.72,-97.08,-87.46,1.44
11.00,14.00,21.00,24.75,1.00,22.03,21.95,0.12,0.04,21.91,-93.80,-92.02,-0.93
11.00,8.00,22.00,25.73,1.00,21.24,21.17,0.15,0.08,21.09,-99.01,-94.98,2.31
11.00,9.00,22.00,25.74,1.00,13.83,13.78,0.74,0.69,13.09,-96.19,-90.41,0.73
11.00,10.00,22.00,25.74,1.00,7.70,7.67,0.30,0.27,7.40,-88.14,-80.45,0.57
11.00,12.00,22.00,25.75,1.00,7.41,7.38,0.10,0.07,7.31,-85.67,-81.44,2.07
11.00,13.00,22.00,25.75,1.00,14.83,14.77,0.11,0.05,14.72,-96.60,-87.13,1.41
11.00,14.00,22.00,25.75,1.00,22.06,21.98,0.15,0.07,21.91,-93.83,-91.63,-0.73
11.00,8.00,23.00,26.73,0.00,nan,nan,nan,nan,21.09,nan,nan,nan
11.00,9.00,23.00,26.74,1.00,13.81,13.76,0.72,0.67,13.09,-96.84,-90.45,0.93
11.00,10.00,23.00,26.74,1.00,7.70,7.67,0.30,0.27,7.40,-89.01,-80.56,0.58
11.00,12.00,23.00,26.75,1.00,7.40,7.37,0.09,0.06,7.31,-86.42,-81.87,2.18
11.00,13.00,23.00,26.75,1.00,14.80,14.74,0.08,0.02,14.72,-96.79,-87.27,1.47
11.00,14.00,23.00,26.75,1.00,22.03,21.95,0.12,0.04,21.91,-93.45,-91.44,-0.83
11.00,8.00,24.00,27.73,1.00,21.22,21.15,0.13,0.06,21.09,-98.93,-94.41,2.03
11.00,9.00,24.00,27.74,1.00,13.76,13.71,0.67,0.62,13.09,-95.95,-90.11,0.78
11.00,10.00,24.00,27.74,1.00,7.68,7.65,0.28,0.25,7.40,-88.90,-80.56,0.49
11.00,12.00,24.00,27.75,1.00,7.41,7.38,0.10,0.07,7.31,-85.83,-81.71,1.92
11.00,13.00,24.00,27.75,1.00,14.82,14.76,0.10,0.04,14.72,-95.84,-87.13,1.54
11.00,14.00,24.00,27.75,1.00,21.96,21.88,0.05,0.03,21.91,-93.13,-91.36,-0.98
11.00,8.00,25.00,28.73,1.00,21.23,21.16,0.14,0.07,21.09,-99.62,-94.69,2.31
11.00,9.00,25.00,28.74,1.00,13.78,13.73,0.69,0.64,13.09,-95.36,-89.95,0.61
11.00,10.00,25.00,28.74,1.00,7.69,7.66,0.29,0.26,7.40,-88.93,-80.48,0.28
11.00,12.00,25.00,28.75,1.00,7.40,7.37,0.09,0.06,7.31,-85.54,-81.44,1.88
11.00,13.00,25.00,28.75,1.00,14.78,14.72,0.06,0.00,14.72,-97.00,-87.51,1.42
11.00,14.00,25.00,28.75,1.00,22.02,21.94,0.11,0.03,21.91,-93.53,-91.58,-0.70
11.00,8.00,26.00,29.73,0.00,nan,nan,nan,nan,21.09,nan,nan,nan
11.00,9.00,26.00,29.74,1.00,13.80,13.75,0.71,0.66,13.09,-96.22,-90.34,0.72
11.00,10.00,26.00,29.74,1.00,7.70,7.67,0.30,0.27,7.40,-87.97,-80.41,0.51
11.00,12.00,26.00,29.75,1.00,7.42,7.39,0.11,0.08,7.31,-85.80,-81.54,1.98
11.00,13.00,26.00,29.75,1.00,14.79,14.73,0.07,0.01,14.72,-97.31,-87.16,1.50
11.00,14.00,26.00,29.75,1.00,22.09,22.01,0.18,0.10,21.91,-93.55,-91.32,-0.57
11.00,8.00,27.00,30.73,1.00,21.23,21.16,0.14,0.07,21.09,-98.47,-94.32,2.10
11.00,9.00,27.00,30.74,1.00,13.78,13.73,0.69,0.64,13.09,-95.58,-90.04,0.40
11.00,10.00,27.00,30.74,1.00,7.72,7.69,0.32,0.29,7.40,-88.25,-80.59,0.37
11.00,12.00,27.00,30.75,1.00,7.42,7.39,0.11,0.08,7.31,-85.55,-81.57,1.88
11.00,13.00,27.00,30.75,1.00,14.76,14.70,0.04,0.02,14.72,-96.82,-87.68,1.53
11.00,14.00,27.00,30.75,1.00,22.08,22.00,0.17,0.09,21.91,-93.57,-91.55,-0.83
11.00,8.00,28.00,31.73,1.00,21.27,21.20,0.18,0.11,21.09,-98.82,-94.50,2.23
11.00,9.00,28.00,31.74,1.00,13.81,13.76,0.72,0.67,13.09,-95.29,-89.60,0.66
11.00,10.00,28.00,31.74,1.00,7.70,7.67,0.30,0.27,7.40,-88.13,-80.46,0.43
11.00,12.00,28.00,31.75,1.00,7.44,7.41,0.13,0.10,7.31,-85.83,-81.70,1.95
11.00,13.00,28.00,31.75,1.00,14.78,14.72,0.06,0.00,14.72,-96.73,-87.63,1.50
11.00,14.00,28.00,31.75,1.00,22.06,21.98,0.15,0.07,21.91,-93.64,-91.44,-0.51
11.00,8.00,29.00,32.73,1.00,21.20,21.13,0.11,0.04,21.09,-99.86,-95.40,2.28
11.00,9.00,29.00,32.74,1.00,13.78,13.73,0.69,0.64,13.09,-96.12,-90.31,0.62
11.00,10.00,29.00,32.74,1.00,7.69,7.66,0.29,0.26,7.40,-88.31,-80.47,0.34
11.00,12.00,29.00,32.75,1.00,7.40,7.37,0.09,0.06,7.31,-85.56,-81.66,1.91
11.00,13.00,29.00,32.75,1.00,14.76,14.70,0.04,0.02,14.72,-96.57,-87.28,1.45
11.00,14.00,29.00,32.75,1.00,21.98,21.90,0.07,0.01,21.91,-93.46,-91.63,-0.73
11.00,8.00,30.00,33.73,0.00,nan,nan,nan,nan,21.09,nan,nan,nan
11.00,9.00,30.00,33.74,1.00,13.81,13.76,0.72,0.67,13.09,-95.83,-90.21,0.66
11.00,10.00,30.00,33.74,1.00,7.71,7.68,0.31,0.28,7.40,-88.24,-80.57,0.34
11.00,12.00,30.00,33.75,1.00,7.40,7.37,0.09,0.06,7.31,-85.28,-81.41,1.84
11.00,13.00,30.00,33.75,1.00,14.83,14.77,0.11,0.05,14.72,-96.26,-87.33,1.60
11.00,14.00,30.00,33.75,1.00,21.98,21.90,0.07,0.01,21.91,-93.42,-91.54,-0.94
11.00,8.00,31.00,34.73,1.00,21.23,21.16,0.14,0.07,21.09,-99.01,-94.69,2.15
11.00,9.00,31.00,34.74,1.00,13.82,13.77,0.73,0.68,13.09,-96.19,-90.90,0.47
11.00,10.00,31.00,34.74,1.00,7.73,7.70,0.33,0.30,7.40,-88.77,-82.06,0.43
11.00,12.00,31.00,34.75,1.00,7.39,7.36,0.08,0.05,7.31,-85.64,-81.60,1.78
11.00,13.00,31.00,34.75,1.00,14.80,14.74,0.08,0.02,14.72,-96.78,-87.61,1.46
11.00,14.00,31.00,34.76,1.00,22.02,21.94,0.11,0.03,21.91,-93.30,-91.58,-0.83
11.00,8.00,32.00,35.73,1.00,21.21,21.14,0.12,0.05,21.09,-99.26,-95.19,2.21
11.00,9.00,32.00,35.74,1.00,13.83,13.78,0.74,0.69,13.09,-96.07,-90.31,0.64
11.00,10.00,32.00,35.74,1.00,7.75,7.71,0.35,0.31,7.40,-88.08,-80.61,0.41
11.00,12.00,32.00,35.75,1.00,7.42,7.39,0.11,0.08,7.31,-86.41,-81.84,1.87
11.00,13.00,32.00,35.75,1.00,14.79,14.73,0.07,0.01,14.72,-96.39,-87.52,1.44
11.00,14.00,32.00,35.76,1.00,22.02,21.94,0.11,0.03,21.91,-93.65,-91.59,-0.86
11.00,8.00,33.00,36.73,1.00,21.20,21.13,0.11,0.04,21.09,-99.17,-94.85,2.14
11.00,9.00,33.00,36.74,1.00,13.79,13.74,0.70,0.65,13.09,-95.74,-90.24,0.47
11.00,10.00,33.00,36.74,1.00,7.74,7.71,0.34,0.31,7.40,-88.20,-80.62,0.28
11.00,12.00,33.00,36.75,1.00,7.40,7.37,0.09,0.06,7.31,-85.40,-81.47,1.83
11.00,13.00,33.00,36.75,1.00,14.77,14.71,0.05,0.01,14.72,-96.58,-87.49,1.54
11.00,14.00,33.00,36.76,1.00,22.00,21.92,0.09,0.01,21.91,-93.51,-91.44,-0.73
11.00,8.00,34.00,37.73,1.00,21.20,21.13,0.11,0.04,21.09,-100.41,-95.19,2.09
11.00,9.00,34.00,37.74,1.00,13.80,13.75,0.71,0.66,13.09,-96.01,-90.28,0.52
11.00,10.00,34.00,37.74,1.00,7.68,7.65,0.28,0.25,7.40,-88.28,-80.61,0.21
11.00,12.00,34.00,37.75,1.00,7.43,7.40,0.12,0.09,7.31,-85.45,-81.41,1.87
11.00,13.00,34.00,37.75,1.00,14.81,14.75,0.09,0.03,14.72,-98.03,-87.43,1.46
11.00,14.00,34.00,37.76,1.00,22.06,21.98,0.15,0.07,21.91,-93.35,-91.54,-0.68
11.00,8.00,35.00,38.73,1.00,21.26,21.19,0.17,0.10,21.09,-99.17,-94.98,2.16
11.00,9.00,35.00,38.74,1.00,13.78,13.73,0.69,0.64,13.09,-96.04,-90.45,0.49
11.00,10.00,35.00,38.74,1.00,7.73,7.70,0.33,0.30,7.40,-88.34,-80.49,0.29
11.00,12.00,35.00,38.75,1.00,7.43,7.40,0.12,0.09,7.31,-85.36,-81.40,1.88
11.00,13.00,35.00,38.75,1.00,14.77,14.71,0.05,0.01,14.72,-97.04,-87.52,1.40
11.00,14.00,35.00,38.76,1.00,22.03,21.95,0.12,0.04,21.91,-93.83,-91.87,-0.74
11.00,8.00,36.00,39.73,1.00,21.21,21.14,0.12,0.05,21.09,-99.63,-95.19,2.32
11.00,9.00,36.00,39.74,1.00,13.84,13.79,0.75,0.70,13.09,-95.86,-90.45,0.51
11.00,10.00,36.00,39.74,1.00,7.75,7.71,0.35,0.31,7.40,-87.97,-80.64,0.45
11.00,12.00,36.00,39.75,1.00,7.42,7.39,0.11,0.08,7.31,-85.61,-81.39,1.76
11.00,13.00,36.00,39.75,1.00,14.81,14.75,0.09,0.03,14.72,-96.72,-87.18,1.68
11.00,14.00,36.00,39.76,1.00,22.00,21.92,0.09,0.01,21.91,-93.36,-91.49,-0.83
11.00,8.00,37.00,40.73,1.00,21.18,21.11,0.09,0.02,21.09,-98.61,-96.14,2.01
11.00,9.00,37.00,40.74,1.00,13.80,13.75,0.71,0.66,13.09,-95.67,-90.14,0.39
11.00,10.00,37.00,40.74,1.00,7.70,7.67,0.30,0.27,7.40,-88.52,-80.71,0.35
11.00,12.00,37.00,40.75,1.00,7.43,7.40,0.12,0.09,7.31,-85.47,-81.54,1.75
11.00,13.00,37.00,40.75,1.00,14.80,14.74,0.08,0.02,14.72,-97.05,-87.32,1.58
11.00,14.00,37.00,40.76,1.00,22.04,21.96,0.13,0.05,21.91,-93.03,-91.06,-0.58
11.00,8.00,38.00,41.73,1.00,21.20,21.13,0.11,0.04,21.09,-99.48,-95.29,2.11
11.00,9.00,38.00,41.74,1.00,13.80,13.75,0.71,0.66,13.09,-95.55,-90.11,0.39
11.00,10.00,38.00,41.74,1.00,7.69,7.66,0.29,0.26,7.40,-88.52,-80.64,0.15
11.00,12.00,38.00,41.75,1.00,7.39,7.36,0.08,0.05,7.31,-85.96,-81.78,1.72
11.00,13.00,38.00,41.75,1.00,14.79,14.73,0.07,0.01,14.72,-97.44,-87.25,1.57
11.00,14.00,38.00,41.76,1.00,22.05,21.97,0.14,0.06,21.91,-93.54,-91.97,-0.81
11.00,8.00,39.00,42.73,0.00,nan,nan,nan,nan,21.09,nan,nan,nan
11.00,9.00,39.00,42.74,1.00,13.79,13.74,0.70,0.65,13.09,-96.71,-90.38,0.44
11.00,10.00,39.00,42.74,1.00,7.73,7.70,0.33,0.30,7.40,-89.13,-80.56,0.15
11.00,12.00,39.00,42.74,1.00,7.40,7.37,0.09,0.06,7.31,-86.24,-81.88,1.61
11.00,13.00,39.00,42.75,1.00,14.75,14.69,0.03,0.03,14.72,-97.32,-87.65,1.36
11.00,14.00,39.00,42.75,1.00,21.99,21.91,0.08,0.00,21.91,-93.88,-91.67,-0.68
11.00,8.00,40.00,43.73,0.00,nan,nan,nan,nan,21.09,nan,nan,nan
11.00,9.00,40.00,43.74,1.00,13.79,13.74,0.70,0.65,13.09,-95.86,-90.56,0.39
11.00,10.00,40.00,43.74,1.00,7.74,7.71,0.34,0.31,7.40,-88.01,-80.49,0.20
11.00,12.00,40.00,43.75,1.00,7.41,7.38,0.10,0.07,7.31,-85.38,-81.49,1.70
11.00,13.00,40.00,43.75,1.00,14.79,14.73,0.07,0.01,14.72,-96.73,-87.60,1.59
11.00,14.00,40.00,43.75,1.00,22.02,21.94,0.11,0.03,21.91,-93.30,-91.49,-0.91
11.00,8.00,41.00,44.73,1.00,21.21,21.14,0.12,0.05,21.09,-99.06,-94.50,2.10
11.00,9.00,41.00,44.74,1.00,13.84,13.79,0.75,0.70,13.09,-96.29,-90.14,0.46
11.00,10.00,41.00,44.74,1.00,7.72,7.69,0.32,0.29,7.40,-89.25,-80.56,0.32
11.00,12.00,41.00,44.75,1.00,7.42,7.39,0.11,0.08,7.31,-85.54,-81.60,1.63
11.00,13.00,41.00,44.75,1.00,14.85,14.79,0.13,0.07,14.72,-96.89,-87.51,1.62
11.00,14.00,41.00,44.76,1.00,22.04,21.96,0.13,0.05,21.91,-93.28,-91.36,-0.92
11.00,8.00,42.00,45.73,0.00,nan,nan,nan,nan,21.09,nan,nan,nan
11.00,9.00,42.00,45.74,1.00,13.84,13.79,0.75,0.70,13.09,-95.39,-90.03,0.37
11.00,10.00,42.00,45.74,1.00,7.71,7.68,0.31,0.28,7.40,-88.28,-80.52,0.19
11.00,12.00,42.00,45.75,1.00,7.43,7.40,0.12,0.09,7.31,-85.81,-81.49,1.68
11.00,13.00,42.00,45.75,1.00,14.79,14.73,0.07,0.01,14.72,-97.76,-87.44,1.51
11.00,14.00,42.00,45.75,1.00,22.04,21.96,0.13,0.05,21.91,-93.49,-91.31,-0.79
11.00,8.00,43.00,46.73,1.00,21.15,21.08,0.06,0.01,21.09,-100.53,-94.88,2.09
11.00,9.00,43.00,46.74,1.00,13.80,13.75,0.71,0.66,13.09,-97.11,-90.90,0.35
11.00,10.00,43.00,46.74,1.00,7.71,7.68,0.31,0.28,7.40,-88.33,-80.64,0.11
11.00,12.00,43.00,46.75,1.00,7.42,7.39,0.11,0.08,7.31,-85.27,-81.36,1.47
11.00,13.00,43.00,46.75,1.00,14.81,14.75,0.09,0.03,14.72,-97.48,-87.44,1.39
11.00,14.00,43.00,46.75,1.00,22.06,21.98,0.15,0.07,21.91,-93.48,-91.44,-0.76
11.00,8.00,44.00,47.73,0.00,nan,nan,nan,nan,21.09,nan,nan,nan
11.00,9.00,44.00,47.74,1.00,13.78,13.73,0.69,0.64,13.09,-96.70,-90.74,0.29
11.00,10.00,44.00,47.74,1.00,7.71,7.68,0.31,0.28,7.40,-89.25,-80.75,0.09
11.00,12.00,44.00,47.74,1.00,7.43,7.40,0.12,0.09,7.31,-85.52,-81.44,1.67
11.00,13.00,44.00,47.75,1.00,14.76,14.70,0.04,0.02,14.72,-98.02,-89.01,1.54
11.00,14.00,44.00,47.75,1.00,22.09,22.01,0.18,0.10,21.91,-93.27,-91.27,-0.58
11.00,8.00,45.00,48.73,1.00,21.19,21.12,0.10,0.03,21.09,-99.57,-95.19,1.99
11.00,9.00,45.00,48.74,1.00,13.83,13.78,0.74,0.69,13.09,-95.89,-90.24,0.21
11.00,10.00,45.00,48.74,1.00,7.71,7.68,0.31,0.28,7.40,-88.56,-80.50,0.20
11.00,12.00,45.00,48.75,1.00,7.43,7.40,0.12,0.09,7.31,-85.97,-81.65,1.72
11.00,13.00,45.00,48.75,1.00,14.79,14.73,0.07,0.01,14.72,-97.46,-87.39,1.58
11.00,14.00,45.00,48.76,1.00,22.01,21.93,0.10,0.02,21.91,-93.84,-91.67,-0.79
11.00,8.00,46.00,49.73,0.00,nan,nan,nan,nan,21.09,nan,nan,nan
11.00,9.00,46.00,49.74,1.00,13.82,13.77,0.73,0.68,13.09,-95.26,-90.11,0.38
11.00,10.00,46.00,49.74,1.00,7.73,7.70,0.33,0.30,7.40,-89.21,-80.80,0.25
11.00,12.00,46.00,49.75,1.00,7.45,7.42,0.14,0.11,7.31,-86.00,-81.62,1.67
11.00,13.00,46.00,49.75,1.00,14.80,14.74,0.08,0.02,14.72,-96.81,-87.30,1.48
11.00,14.00,46.00,49.75,1.00,21.99,21.91,0.08,0.00,21.91,-93.41,-91.44,-0.75
11.00,8.00,47.00,50.73,1.00,21.25,21.18,0.16,0.09,21.09,-99.56,-95.63,2.21
11.00,9.00,47.00,50.74,1.00,13.78,13.73,0.69,0.64,13.09,-95.61,-90.45,0.20
11.00,10.00,47.00,50.74,1.00,7.66,7.63,0.26,0.23,7.40,-88.81,-81.01,-0.02
11.00,12.00,47.00,50.75,1.00,7.41,7.38,0.10,0.07,7.31,-85.68,-81.53,1.68
11.00,13.00,47.00,50.75,1.00,14.76,14.70,0.04,0.02,14.72,-97.02,-87.68,1.60
11.00,14.00,47.00,50.76,1.00,21.99,21.91,0.08,0.00,21.91,-93.83,-91.28,-0.66
11.00,8.00,48.00,51.73,1.00,21.20,21.13,0.11,0.04,21.09,-99.19,-95.19,2.25
11.00,9.00,48.00,51.74,1.00,13.82,13.77,0.73,0.68,13.09,-95.85,-90.67,0.43
11.00,10.00,48.00,51.74,1.00,7.75,7.71,0.35,0.31,7.40,-89.69,-81.66,0.18
11.00,12.00,48.00,51.75,1.00,7.39,7.36,0.08,0.05,7.31,-85.54,-81.49,1.38
11.00,13.00,48.00,51.75,1.00,14.78,14.72,0.06,0.00,14.72,-97.51,-87.71,1.54
11.00,14.00,48.00,51.76,1.00,22.02,21.94,0.11,0.03,21.91,-93.10,-91.36,-0.81
11.00,8.00,49.00,52.73,1.00,21.23,21.16,0.14,0.07,21.09,-99.79,-94.59,2.31
11.00,9.00,49.00,52.74,1.00,13.77,13.72,0.68,0.63,13.09,-96.40,-90.52,0.26
11.00,10.00,49.00,52.74,1.00,7.71,7.68,0.31,0.28,7.40,-88.51,-80.91,0.08
11.00,12.00,49.00,52.75,1.00,7.42,7.39,0.11,0.08,7.31,-85.33,-81.52,1.63
11.00,13.00,49.00,52.75,1.00,14.79,14.73,0.07,0.01,14.72,-97.16,-87.66,1.50
11.00,14.00,49.00,52.75,1.00,21.99,21.91,0.08,0.00,21.91,-93.38,-91.58,-1.00
11.00,8.00,50.00,53.73,1.00,21.22,21.15,0.13,0.06,21.09,-99.58,-95.47,2.31
11.00,9.00,50.00,53.74,1.00,13.78,13.73,0.69,0.64,13.09,-96.48,-90.59,0.19
11.00,10.00,50.00,53.74,1.00,7.67,7.64,0.27,0.24,7.40,-89.11,-80.81,0.08
11.00,12.00,50.00,53.75,1.00,7.41,7.38,0.10,0.07,7.31,-85.51,-81.43,1.56
11.00,13.00,50.00,53.75,1.00,14.79,14.73,0.07,0.01,14.72,-97.40,-87.56,1.54
11.00,14.00,50.00,53.76,1.00,22.03,21.95,0.12,0.04,21.91,-93.39,-91.14,-0.94
11.00,8.00,51.00,54.73,0.00,nan,nan,nan,nan,21.09,nan,nan,nan
11.00,9.00,51.00,54.74,1.00,13.78,13.73,0.69,0.64,13.09,-96.30,-90.82,0.05
11.00,10.00,51.00,54.74,1.00,7.74,7.71,0.34,0.31,7.40,-88.53,-80.88,0.05
11.00,12.00,51.00,54.75,1.00,7.39,7.36,0.08,0.05,7.31,-85.24,-81.46,1.44
11.00,13.00,51.00,54.75,1.00,14.82,14.76,0.10,0.04,14.72,-97.54,-87.27,1.63
11.00,14.00,51.00,54.75,1.00,21.99,21.91,0.08,0.00,21.91,-93.26,-91.25,-0.80
11.00,8.00,52.00,55.73,1.00,21.21,21.14,0.12,0.05,21.09,-99.45,-95.08,2.37
11.00,9.00,52.00,55.74,1.00,13.82,13.77,0.73,0.68,13.09,-96.28,-90.17,0.17
11.00,10.00,52.00,55.74,1.00,7.73,7.70,0.33,0.30,7.40,-88.71,-81.00,0.06
11.00,12.00,52.00,55.75,1.00,7.40,7.37,0.09,0.06,7.31,-85.51,-81.54,1.42
11.00,13.00,52.00,55.75,1.00,14.79,14.73,0.07,0.01,14.72,-95.85,-86.96,1.56
11.00,14.00,52.00,55.76,1.00,22.00,21.92,0.09,0.01,21.91,-92.89,-91.36,-0.93
11.00,8.00,53.00,56.73,1.00,21.25,21.18,0.16,0.09,21.09,-99.14,-96.25,2.28
11.00,9.00,53.00,56.74,1.00,13.81,13.76,0.72,0.67,13.09,-96.28,-90.94,0.25
11.00,10.00,53.00,56.74,1.00,7.67,7.64,0.27,0.24,7.40,-89.19,-80.94,0.12
11.00,12.00,53.00,56.74,1.00,7.39,7.36,0.08,0.05,7.31,-86.21,-81.85,1.40
11.00,13.00,53.00,56.75,1.00,14.78,14.72,0.06,0.00,14.72,-96.83,-87.57,1.49
11.00,14.00,53.00,56.75,1.00,22.04,21.96,0.13,0.05,21.91,-93.63,-91.36,-0.88
11.00,8.00,54.00,57.73,1.00,21.19,21.12,0.10,0.03,21.09,-98.95,-95.19,2.08
11.00,9.00,54.00,57.74,1.00,13.83,13.78,0.74,0.69,13.09,-95.55,-90.14,0.22
11.00,10.00,54.00,57.74,1.00,7.70,7.67,0.30,0.27,7.40,-88.67,-81.00,0.05
11.00,12.00,54.00,57.75,1.00,7.39,7.36,0.08,0.05,7.31,-85.92,-81.75,1.39
11.00,13.00,54.00,57.75,1.00,14.83,14.77,0.11,0.05,14.72,-97.62,-87.32,1.37
11.00,14.00,54.00,57.76,1.00,21.98,21.90,0.07,0.01,21.91,-93.17,-91.44,-1.09
11.00,8.00,55.00,58.73,1.00,21.20,21.13,0.11,0.04,21.09,-99.36,-95.08,2.27
11.00,9.00,55.00,58.74,1.00,13.77,13.72,0.68,0.63,13.09,-96.86,-90.56,0.13
11.00,10.00,55.00,58.74,1.00,7.67,7.64,0.27,0.24,7.40,-89.80,-80.97,-0.09
11.00,12.00,55.00,58.75,1.00,7.39,7.36,0.08,0.05,7.31,-86.07,-81.79,1.61
11.00,13.00,55.00,58.75,1.00,14.79,14.73,0.07,0.01,14.72,-97.04,-87.65,1.42
11.00,14.00,55.00,58.76,1.00,22.07,21.99,0.16,0.08,21.91,-93.34,-91.49,-0.81
11.00,8.00,56.00,59.73,1.00,21.20,21.13,0.11,0.04,21.09,-98.66,-94.88,2.12
11.00,9.00,56.00,59.74,1.00,13.82,13.77,0.73,0.68,13.09,-96.63,-90.38,0.32
11.00,10.00,56.00,59.74,1.00,7.70,7.67,0.30,0.27,7.40,-88.96,-80.81,0.10
11.00,12.00,56.00,59.75,1.00,7.41,7.38,0.10,0.07,7.31,-86.44,-81.85,1.36
11.00,13.00,56.00,59.75,1.00,14.77,14.71,0.05,0.01,14.72,-97.14,-87.35,1.46
11.00,14.00,56.00,59.76,1.00,21.98,21.90,0.07,0.01,21.91,-93.09,-91.27,-1.08
11.00,8.00,57.00,60.73,1.00,21.21,21.14,0.12,0.05,21.09,-100.08,-94.59,2.22
11.00,9.00,57.00,60.74,1.00,13.81,13.76,0.72,0.67,13.09,-95.75,-90.52,0.10
11.00,10.00,57.00,60.74,1.00,7.73,7.70,0.33,0.30,7.40,-89.35,-80.92,0.14
11.00,12.00,57.00,60.75,1.00,7.43,7.40,0.12,0.09,7.31,-85.69,-81.72,1.52
11.00,13.00,57.00,60.75,1.00,14.76,14.70,0.04,0.02,14.72,-97.24,-87.61,1.29
11.00,14.00,57.00,60.75,1.00,21.99,21.91,0.08,0.00,21.91,-94.70,-92.99,-1.09
11.00,8.00,58.00,61.73,1.00,21.21,21.14,0.12,0.05,21.09,-99.07,-94.97,1.98
11.00,9.00,58.00,61.74,1.00,13.83,13.78,0.74,0.69,13.09,-95.33,-90.07,0.22
11.00,10.00,58.00,61.74,1.00,7.72,7.69,0.32,0.29,7.40,-89.03,-80.89,0.07
11.00,12.00,58.00,61.75,1.00,7.45,7.42,0.14,0.11,7.31,-85.47,-81.41,1.54
11.00,13.00,58.00,61.75,1.00,14.76,14.70,0.04,0.02,14.72,-97.33,-87.66,1.59
11.00,14.00,58.00,61.76,1.00,22.00,21.92,0.09,0.01,21.91,-93.56,-91.28,-0.85
11.00,8.00,59.00,62.73,1.00,21.19,21.12,0.10,0.03,21.09,-98.60,-95.34,2.06
11.00,9.00,59.00,62.74,1.00,13.80,13.75,0.71,0.66,13.09,-95.17,-90.14,-0.02
11.00,10.00,59.00,62.74,1.00,7.69,7.66,0.29,0.26,7.40,-88.22,-80.95,-0.11
11.00,12.00,59.00,62.75,1.00,7.41,7.38,0.10,0.07,7.31,-86.39,-81.87,1.43
11.00,13.00,59.00,62.75,1.00,14.80,14.74,0.08,0.02,14.72,-96.88,-87.19,1.29
11.00,14.00,59.00,62.76,1.00,22.03,21.95,0.12,0.04,21.91,-93.56,-91.63,-0.88
11.00,8.00,60.00,63.73,1.00,21.26,21.19,0.17,0.10,21.09,-98.67,-94.88,2.14
11.00,9.00,60.00,63.74,1.00,13.79,13.74,0.70,0.65,13.09,-96.86,-90.82,0.14
11.00,10.00,60.00,63.74,1.00,7.70,7.67,0.30,0.27,7.40,-89.38,-80.89,0.12
11.00,12.00,60.00,63.75,1.00,7.41,7.38,0.10,0.07,7.31,-86.52,-81.88,1.31
11.00,13.00,60.00,63.75,1.00,14.77,14.71,0.05,0.01,14.72,-96.67,-87.53,1.47
11.00,14.00,60.00,63.75,1.00,21.99,21.91,0.08,0.00,21.91,-93.09,-90.92,-0.68
11.00,8.00,61.00,64.73,1.00,21.26,21.19,0.17,0.10,21.09,-99.87,-95.29,2.19
11.00,9.00,61.00,64.74,1.00,13.77,13.72,0.68,0.63,13.09,-96.89,-91.02,-0.22
11.00,10.00,61.00,64.74,1.00,7.69,7.66,0.29,0.26,7.40,-88.82,-81.09,-0.12
11.00,12.00,61.00,64.75,1.00,7.44,7.41,0.13,0.10,7.31,-86.66,-82.43,1.50
11.00,13.00,61.00,64.75,1.00,14.76,14.70,0.04,0.02,14.72,-97.35,-87.60,1.45
11.00,14.00,61.00,64.75,1.00,22.04,21.96,0.13,0.05,21.91,-93.72,-91.63,-0.66
11.00,8.00,62.00,65.73,1.00,21.21,21.14,0.12,0.05,21.09,-100.14,-95.63,2.31
11.00,9.00,62.00,65.74,1.00,13.81,13.76,0.72,0.67,13.09,-96.30,-90.71,-0.10
11.00,10.00,62.00,65.74,1.00,7.73,7.70,0.33,0.30,7.40,-88.35,-80.82,-0.14
11.00,12.00,62.00,65.75,1.00,7.40,7.37,0.09,0.06,7.31,-86.31,-81.79,1.37
11.00,13.00,62.00,65.75,1.00,14.77,14.71,0.05,0.01,14.72,-97.56,-87.44,1.45
11.00,14.00,62.00,65.75,1.00,21.98,21.90,0.07,0.01,21.91,-92.78,-91.23,-0.79
11.00,8.00,63.00,66.73,1.00,21.21,21.14,0.12,0.05,21.09,-99.04,-94.69,2.16
11.00,9.00,63.00,66.74,1.00,13.79,13.74,0.70,0.65,13.09,-96.46,-90.71,0.04
11.00,10.00,63.00,66.74,1.00,7.75,7.71,0.35,0.31,7.40,-88.78,-80.68,-0.13
11.00,12.00,63.00,66.75,1.00,7.38,7.35,0.07,0.04,7.31,-86.22,-81.86,1.41
11.00,13.00,63.00,66.75,1.00,14.79,14.73,0.07,0.01,14.72,-97.27,-87.29,1.42
11.00,14.00,63.00,66.75,1.00,21.99,21.91,0.08,0.00,21.91,-93.07,-91.28,-0.84
11.00,8.00,64.00,67.73,1.00,21.18,21.11,0.09,0.02,21.09,-99.40,-94.50,2.12
11.00,9.00,64.00,67.74,1.00,13.78,13.73,0.69,0.64,13.09,-95.85,-90.59,0.03
11.00,10.00,64.00,67.74,1.00,7.76,7.72,0.36,0.32,7.40,-88.13,-80.66,-0.09
11.00,12.00,64.00,67.75,1.00,7.44,7.41,0.13,0.10,7.31,-85.36,-81.35,1.46
11.00,13.00,64.00,67.75,1.00,14.81,14.75,0.09,0.03,14.72,-97.06,-87.44,1.51
11.00,14.00,64.00,67.75,1.00,22.01,21.93,0.10,0.02,21.91,-93.57,-91.77,-0.88
11.00,8.00,65.00,68.73,0.00,nan,nan,nan,nan,21.09,nan,nan,nan
11.00,9.00,65.00,68.74,1.00,13.79,13.74,0.70,0.65,13.09,-96.42,-90.45,0.05
11.00,10.00,65.00,68.74,1.00,7.74,7.71,0.34,0.31,7.40,-88.96,-81.65,-0.07
11.00,12.00,65.00,68.75,1.00,7.44,7.41,0.13,0.10,7.31,-86.37,-81.79,1.55
11.00,13.00,65.00,68.75,1.00,14.77,14.71,0.05,0.01,14.72,-96.72,-87.32,1.40
11.00,14.00,65.00,68.75,1.00,22.06,21.98,0.15,0.07,21.91,-93.44,-91.32,-0.88
11.00,8.00,66.00,69.73,1.00,21.20,21.13,0.11,0.04,21.09,-99.06,-95.16,2.04
11.00,9.00,66.00,69.74,1.00,13.80,13.75,0.71,0.66,13.09,-96.57,-90.71,-0.02
11.00,10.00,66.00,69.74,1.00,7.72,7.69,0.32,0.29,7.40,-88.21,-80.80,-0.05
11.00,12.00,66.00,69.75,1.00,7.41,7.38,0.10,0.07,7.31,-86.50,-81.91,1.43
11.00,13.00,66.00,69.75,1.00,14.82,14.76,0.10,0.04,14.72,-96.61,-87.40,1.51
11.00,14.00,66.00,69.75,1.00,21.96,21.88,0.05,0.03,21.91,-93.49,-91.36,-0.86
11.00,8.00,67.00,70.73,1.00,21.22,21.15,0.13,0.06,21.09,-98.34,-93.68,1.98
11.00,9.00,67.00,70.74,1.00,13.80,13.75,0.71,0.66,13.09,-96.39,-90.90,0.10
11.00,10.00,67.00,70.74,1.00,7.77,7.73,0.37,0.33,7.40,-88.11,-80.46,-0.27
11.00,12.00,67.00,70.75,1.00,7.45,7.42,0.14,0.11,7.31,-85.44,-81.43,1.46
11.00,13.00,67.00,70.75,1.00,14.77,14.71,0.05,0.01,14.72,-97.35,-87.44,1.57
11.00,14.00,67.00,70.75,1.00,22.01,21.93,0.10,0.02,21.91,-93.19,-91.49,-0.95
11.00,8.00,68.00,71.73,1.00,21.20,21.13,0.11,0.04,21.09,-98.53,-94.88,1.88
11.00,9.00,68.00,71.74,1.00,13.82,13.77,0.73,0.68,13.09,-95.63,-90.59,0.00
11.00,10.00,68.00,71.74,1.00,7.73,7.70,0.33,0.30,7.40,-88.68,-80.68,-0.05
11.00,12.00,68.00,71.75,1.00,7.43,7.40,0.12,0.09,7.31,-85.33,-81.30,1.38
11.00,13.00,68.00,71.75,1.00,14.84,14.78,0.12,0.06,14.72,-96.42,-87.23,1.49
11.00,14.00,68.00,71.75,1.00,22.00,21.92,0.09,0.01,21.91,-93.31,-91.33,-0.82
11.00,8.00,69.00,72.73,1.00,21.24,21.17,0.15,0.08,21.09,-99.55,-96.69,2.02
11.00,9.00,69.00,72.74,1.00,13.76,13.71,0.67,0.62,13.09,-96.53,-91.72,-0.11
11.00,10.00,69.00,72.74,1.00,7.71,7.68,0.31,0.28,7.40,-88.46,-80.68,0.01
11.00,12.00,69.00,72.75,1.00,7.44,7.41,0.13,0.10,7.31,-85.54,-81.50,1.34
11.00,13.00,69.00,72.75,1.00,14.78,14.72,0.06,0.00,14.72,-97.53,-87.77,1.44
11.00,14.00,69.00,72.75,1.00,22.06,21.98,0.15,0.07,21.91,-94.09,-91.67,-0.94
11.00,8.00,70.00,73.73,1.00,21.24,21.17,0.15,0.08,21.09,-98.95,-95.78,1.99
11.00,9.00,70.00,73.74,1.00,13.78,13.73,0.69,0.64,13.09,-96.53,-90.59,-0.05
11.00,10.00,70.00,73.74,1.00,7.71,7.68,0.31,0.28,7.40,-88.64,-80.77,-0.24
11.00,12.00,70.00,73.75,1.00,7.44,7.41,0.13,0.10,7.31,-85.64,-81.49,1.48
11.00,13.00,70.00,73.75,1.00,14.84,14.78,0.12,0.06,14.72,-97.50,-87.50,1.59
11.00,14.00,70.00,73.75,1.00,22.01,21.93,0.10,0.02,21.91,-93.49,-91.40,-0.94
11.00,8.00,71.00,74.73,1.00,21.21,21.14,0.12,0.05,21.09,-99.16,-94.07,2.27
11.00,9.00,71.00,74.74,1.00,13.79,13.74,0.70,0.65,13.09,-96.43,-90.71,-0.25
11.00,10.00,71.00,74.74,1.00,7.72,7.69,0.32,0.29,7.40,-88.19,-80.80,-0.12
11.00,12.00,71.00,74.75,1.00,7.43,7.40,0.12,0.09,7.31,-85.61,-81.70,1.41
11.00,13.00,71.00,74.75,1.00,14.79,14.73,0.07,0.01,14.72,-98.14,-87.58,1.47
11.00,14.00,71.00,74.75,1.00,22.03,21.95,0.12,0.04,21.91,-93.26,-91.67,-0.58
11.00,8.00,72.00,75.73,1.00,21.20,21.13,0.11,0.04,21.09,-99.12,-94.69,2.09
11.00,9.00,72.00,75.74,1.00,13.80,13.75,0.71,0.66,13.09,-95.51,-89.62,0.03
11.00,10.00,72.00,75.74,1.00,7.76,7.72,0.36,0.32,7.40,-88.63,-80.56,-0.08
11.00,12.00,72.00,75.75,1.00,7.41,7.38,0.10,0.07,7.31,-85.42,-81.36,1.30
11.00,13.00,72.00,75.75,1.00,14.81,14.75,0.09,0.03,14.72,-96.36,-87.39,1.50
11.00,14.00,72.00,75.75,1.00,22.00,21.92,0.09,0.01,21.91,-93.19,-91.44,-0.87
11.00,8.00,73.00,76.73,1.00,21.19,21.12,0.10,0.03,21.09,-99.64,-94.88,2.04
11.00,9.00,73.00,76.74,1.00,13.79,13.74,0.70,0.65,13.09,-97.10,-90.78,-0.13
11.00,10.00,73.00,76.74,1.00,7.69,7.66,0.29,0.26,7.40,-88.44,-80.54,0.01
11.00,12.00,73.00,76.75,1.00,7.47,7.44,0.16,0.13,7.31,-85.67,-81.43,1.38
11.00,13.00,73.00,76.75,1.00,14.79,14.73,0.07,0.01,14.72,-96.82,-87.19,1.54
11.00,14.00,73.00,76.75,1.00,22.04,21.96,0.13,0.05,21.91,-93.28,-91.03,-0.96
11.00,8.00,74.00,77.73,1.00,21.25,21.18,0.16,0.09,21.09,-98.84,-94.15,2.09
11.00,9.00,74.00,77.74,1.00,13.81,13.76,0.72,0.67,13.09,-96.11,-90.74,0.04
11.00,10.00,74.00,77.74,1.00,7.73,7.70,0.33,0.30,7.40,-88.29,-80.65,0.03
11.00,12.00,74.00,77.75,1.00,7.42,7.39,0.11,0.08,7.31,-85.80,-81.42,1.29
11.00,13.00,74.00,77.75,1.00,14.80,14.74,0.08,0.02,14.72,-96.82,-87.38,1.50
11.00,14.00,74.00,77.75,1.00,22.03,21.95,0.12,0.04,21.91,-93.01,-91.36,-0.68
11.00,8.00,75.00,78.73,1.00,21.17,21.10,0.08,0.01,21.09,-99.42,-94.41,2.00
11.00,9.00,75.00,78.74,1.00,13.80,13.75,0.71,0.66,13.09,-96.31,-91.14,0.03
11.00,10.00,75.00,78.74,1.00,7.71,7.68,0.31,0.28,7.40,-88.76,-80.78,-0.21
11.00,12.00,75.00,78.75,1.00,7.42,7.39,0.11,0.08,7.31,-86.61,-81.74,1.43
11.00,13.00,75.00,78.75,1.00,14.76,14.70,0.04,0.02,14.72,-97.19,-88.35,1.37
11.00,14.00,75.00,78.75,1.00,21.95,21.87,0.04,0.04,21.91,-94.11,-91.54,-0.73
11.00,8.00,76.00,79.73,1.00,21.22,21.15,0.13,0.06,21.09,-99.38,-94.88,2.03
11.00,9.00,76.00,79.74,1.00,13.83,13.78,0.74,0.69,13.09,-96.25,-90.41,-0.15
11.00,10.00,76.00,79.74,1.00,7.73,7.70,0.33,0.30,7.40,-88.75,-80.65,-0.20
11.00,12.00,76.00,79.75,1.00,7.41,7.38,0.10,0.07,7.31,-86.29,-81.78,1.33
11.00,13.00,76.00,79.75,1.00,14.74,14.68,0.02,0.04,14.72,-96.74,-87.33,1.29
11.00,14.00,76.00,79.75,1.00,21.96,21.88,0.05,0.03,21.91,-93.22,-91.06,-0.97
11.00,8.00,77.00,80.73,1.00,21.22,21.15,0.13,0.06,21.09,-99.73,-93.83,2.17
11.00,9.00,77.00,80.74,1.00,13.79,13.74,0.70,0.65,13.09,-95.88,-89.76,-0.17
11.00,10.00,77.00,80.74,1.00,7.72,7.69,0.32,0.29,7.40,-88.95,-80.58,-0.16
11.00,12.00,77.00,80.75,1.00,7.42,7.39,0.11,0.08,7.31,-85.66,-81.35,1.41
11.00,13.00,77.00,80.75,1.00,14.78,14.72,0.06,0.00,14.72,-97.20,-87.46,1.39
11.00,14.00,77.00,80.75,1.00,22.04,21.96,0.13,0.05,21.91,-93.80,-91.80,-0.92
11.00,8.00,78.00,81.73,1.00,21.21,21.14,0.12,0.05,21.09,-99.07,-94.22,2.15
11.00,9.00,78.00,81.74,1.00,13.80,13.75,0.71,0.66,13.09,-96.31,-90.71,-0.18
11.00,10.00,78.00,81.74,1.00,7.72,7.69,0.32,0.29,7.40,-88.39,-80.64,-0.24
11.00,12.00,78.00,81.75,1.00,7.43,7.40,0.12,0.09,7.31,-86.40,-82.64,1.25
11.00,13.00,78.00,81.75,1.00,14.78,14.72,0.06,0.00,14.72,-97.22,-87.23,1.50
11.00,14.00,78.00,81.75,1.00,22.02,21.94,0.11,0.03,21.91,-93.66,-91.92,-0.81
11.00,8.00,79.00,82.73,1.00,21.19,21.12,0.10,0.03,21.09,-100.52,-94.32,2.15
11.00,9.00,79.00,82.74,1.00,13.81,13.76,0.72,0.67,13.09,-96.35,-91.36,-0.15
11.00,10.00,79.00,82.74,1.00,7.72,7.69,0.32,0.29,7.40,-89.21,-80.37,-0.18
11.00,12.00,79.00,82.75,1.00,7.43,7.40,0.12,0.09,7.31,-85.23,-81.17,1.27
11.00,13.00,79.00,82.75,1.00,14.81,14.75,0.09,0.03,14.72,-96.83,-87.53,1.40
11.00,14.00,79.00,82.75,1.00,21.97,21.89,0.06,0.02,21.91,-94.85,-92.92,-0.95
11.00,8.00,80.00,83.73,1.00,21.25,21.18,0.16,0.09,21.09,-99.00,-94.78,2.06
11.00,9.00,80.00,83.74,1.00,13.78,13.73,0.69,0.64,13.09,-96.44,-90.74,-0.10
11.00,10.00,80.00,83.74,1.00,7.68,7.65,0.28,0.25,7.40,-88.54,-80.87,-0.23
11.00,12.00,80.00,83.75,1.00,7.43,7.40,0.12,0.09,7.31,-85.83,-81.45,1.28
11.00,13.00,80.00,83.75,1.00,14.77,14.71,0.05,0.01,14.72,-97.84,-87.71,1.51
11.00,14.00,80.00,83.75,1.00,22.07,21.99,0.16,0.08,21.91,-93.54,-91.63,-0.86
11.00,8.00,81.00,84.73,1.00,21.22,21.15,0.13,0.06,21.09,-98.80,-94.59,2.27
11.00,9.00,81.00,84.74,1.00,13.76,13.71,0.67,0.62,13.09,-97.52,-91.72,-0.18
11.00,10.00,81.00,84.74,1.00,7.75,7.71,0.35,0.31,7.40,-88.61,-80.65,-0.10
11.00,12.00,81.00,84.75,1.00,7.43,7.40,0.12,0.09,7.31,-85.73,-81.59,1.26
11.00,13.00,81.00,84.75,1.00,14.75,14.69,0.03,0.03,14.72,-96.74,-87.30,1.48
11.00,14.00,81.00,84.75,1.00,22.03,21.95,0.12,0.04,21.91,-93.39,-91.49,-0.63
11.00,8.00,82.00,85.73,1.00,21.23,21.16,0.14,0.07,21.09,-99.83,-94.98,2.01
11.00,9.00,82.00,85.74,1.00,13.81,13.76,0.72,0.67,13.09,-97.11,-91.06,-0.21
11.00,10.00,82.00,85.74,1.00,7.69,7.66,0.29,0.26,7.40,-88.32,-80.83,-0.23
11.00,12.00,82.00,85.75,1.00,7.42,7.39,0.11,0.08,7.31,-85.39,-81.28,1.07
11.00,13.00,82.00,85.75,1.00,14.76,14.70,0.04,0.02,14.72,-97.46,-87.83,1.51
11.00,14.00,82.00,85.75,1.00,21.98,21.90,0.07,0.01,21.91,-93.12,-90.99,-0.96
11.00,8.00,83.00,86.73,1.00,21.23,21.16,0.14,0.07,21.09,-99.48,-94.88,1.98
11.00,9.00,83.00,86.74,1.00,13.82,13.77,0.73,0.68,13.09,-95.57,-90.67,-0.11
11.00,10.00,83.00,86.74,1.00,7.72,7.69,0.32,0.29,7.40,-88.41,-80.70,-0.20
11.00,12.00,83.00,86.75,1.00,7.41,7.38,0.10,0.07,7.31,-85.98,-81.61,1.26
11.00,13.00,83.00,86.75,1.00,14.76,14.70,0.04,0.02,14.72,-96.72,-87.32,1.41
11.00,14.00,83.00,86.75,1.00,22.01,21.93,0.10,0.02,21.91,-92.97,-90.98,-0.97
11.00,8.00,84.00,87.73,1.00,21.23,21.16,0.14,0.07,21.09,-99.15,-94.69,2.20
11.00,9.00,84.00,87.74,1.00,13.78,13.73,0.69,0.64,13.09,-96.30,-90.38,-0.22
11.00,10.00,84.00,87.74,1.00,7.70,7.67,0.30,0.27,7.40,-88.62,-80.65,-0.20
11.00,12.00,84.00,87.75,1.00,7.44,7.41,0.13,0.10,7.31,-85.72,-81.50,1.31
11.00,13.00,84.00,87.75,1.00,14.82,14.76,0.10,0.04,14.72,-97.78,-87.42,1.59
11.00,14.00,84.00,87.75,1.00,22.06,21.98,0.15,0.07,21.91,-93.13,-91.36,-0.67
11.00,8.00,85.00,88.73,1.00,21.23,21.16,0.14,0.07,21.09,-98.89,-94.78,2.04
11.00,9.00,85.00,88.74,1.00,13.80,13.75,0.71,0.66,13.09,-96.23,-90.31,-0.26
11.00,10.00,85.00,88.74,1.00,7.68,7.65,0.28,0.25,7.40,-88.84,-80.60,-0.36
11.00,12.00,85.00,88.75,1.00,7.41,7.38,0.10,0.07,7.31,-85.49,-81.40,1.08
11.00,13.00,85.00,88.75,1.00,14.81,14.75,0.09,0.03,14.72,-97.04,-87.28,1.51
11.00,14.00,85.00,88.75,1.00,22.02,21.94,0.11,0.03,21.91,-93.27,-91.31,-0.83
11.00,8.00,86.00,89.73,1.00,21.21,21.14,0.12,0.05,21.09,-98.60,-94.24,2.07
11.00,9.00,86.00,89.74,1.00,13.78,13.73,0.69,0.64,13.09,-96.98,-91.02,-0.27
11.00,10.00,86.00,89.74,1.00,7.68,7.65,0.28,0.25,7.40,-88.73,-80.64,-0.35
11.00,12.00,86.00,89.75,1.00,7.42,7.39,0.11,0.08,7.31,-85.66,-81.55,1.22
11.00,13.00,86.00,89.75,1.00,14.81,14.75,0.09,0.03,14.72,-96.72,-87.72,1.49
11.00,14.00,86.00,89.75,1.00,22.01,21.93,0.10,0.02,21.91,-93.55,-91.49,-0.84
11.00,8.00,87.00,90.73,1.00,21.24,21.17,0.15,0.08,21.09,-99.15,-95.34,2.13
11.00,9.00,87.00,90.74,1.00,13.81,13.76,0.72,0.67,13.09,-96.96,-90.71,-0.33
11.00,10.00,87.00,90.74,1.00,7.74,7.71,0.34,0.31,7.40,-89.18,-80.79,-0.31
11.00,12.00,87.00,90.75,1.00,7.41,7.38,0.10,0.07,7.31,-85.63,-81.63,1.22
11.00,13.00,87.00,90.75,1.00,14.79,14.73,0.07,0.01,14.72,-96.62,-87.35,1.50
11.00,14.00,87.00,90.75,1.00,22.05,21.97,0.14,0.06,21.91,-93.46,-91.44,-0.77
11.00,8.00,88.00,91.73,1.00,21.24,21.17,0.15,0.08,21.09,-98.99,-94.98,2.14
11.00,9.00,88.00,91.74,1.00,13.79,13.74,0.70,0.65,13.09,-96.03,-90.52,-0.46
11.00,10.00,88.00,91.74,1.00,7.67,7.64,0.27,0.24,7.40,-89.50,-80.53,-0.28
11.00,12.00,88.00,91.75,1.00,7.37,7.34,0.06,0.03,7.31,-86.75,-82.00,1.09
11.00,13.00,88.00,91.75,1.00,14.82,14.76,0.10,0.04,14.72,-97.38,-87.37,1.41
11.00,14.00,88.00,91.75,1.00,22.04,21.96,0.13,0.05,21.91,-93.43,-91.54,-0.76
11.00,8.00,89.00,92.73,1.00,21.21,21.14,0.12,0.05,21.09,-99.51,-95.19,1.93
11.00,9.00,89.00,92.74,1.00,13.83,13.78,0.74,0.69,13.09,-96.08,-90.41,-0.23
11.00,10.00,89.00,92.74,1.00,7.72,7.69,0.32,0.29,7.40,-87.96,-80.54,-0.23
11.00,12.00,89.00,92.75,1.00,7.41,7.38,0.10,0.07,7.31,-86.53,-81.89,1.18
11.00,13.00,89.00,92.75,1.00,14.77,14.71,0.05,0.01,14.72,-96.78,-87.30,1.40
11.00,14.00,89.00,92.75,1.00,22.04,21.96,0.13,0.05,21.91,-93.34,-91.67,-0.87
11.00,8.00,90.00,93.73,1.00,21.17,21.10,0.08,0.01,21.09,-99.52,-95.46,2.02
11.00,9.00,90.00,93.74,1.00,13.84,13.79,0.75,0.70,13.09,-95.79,-90.38,-0.21
11.00,10.00,90.00,93.74,1.00,7.72,7.69,0.32,0.29,7.40,-88.44,-80.57,-0.18
11.00,12.00,90.00,93.75,1.00,7.40,7.37,0.09,0.06,7.31,-86.78,-81.95,1.25
11.00,13.00,90.00,93.75,1.00,14.78,14.72,0.06,0.00,14.72,-96.97,-87.30,1.46
11.00,14.00,90.00,93.75,1.00,22.06,21.98,0.15,0.07,21.91,-93.16,-91.44,-0.78
11.00,8.00,91.00,94.73,1.00,21.19,21.12,0.10,0.03,21.09,-98.95,-94.69,2.05
11.00,9.00,91.00,94.74,1.00,13.79,13.74,0.70,0.65,13.09,-97.33,-91.06,-0.29
11.00,10.00,91.00,94.74,1.00,7.71,7.68,0.31,0.28,7.40,-88.50,-80.64,-0.28
11.00,12.00,91.00,94.75,1.00,7.44,7.41,0.13,0.10,7.31,-85.57,-81.46,1.28
11.00,13.00,91.00,94.75,1.00,14.79,14.73,0.07,0.01,14.72,-96.45,-87.30,1.33
11.00,14.00,91.00,94.75,1.00,22.02,21.94,0.11,0.03,21.91,-93.03,-91.31,-0.88
11.00,8.00,92.00,95.73,1.00,21.22,21.15,0.13,0.06,21.09,-99.09,-94.88,2.11
11.00,9.00,92.00,95.74,1.00,13.85,13.80,0.76,0.71,13.09,-95.66,-90.41,-0.16
11.00,10.00,92.00,95.74,1.00,7.71,7.68,0.31,0.28,7.40,-88.50,-80.54,-0.40
11.00,12.00,92.00,95.75,1.00,7.46,7.43,0.15,0.12,7.31,-86.24,-81.67,1.16
11.00,13.00,92.00,95.75,1.00,14.79,14.73,0.07,0.01,14.72,-97.08,-87.52,1.47
11.00,14.00,92.00,95.75,1.00,22.01,21.93,0.10,0.02,21.91,-93.20,-91.36,-0.82
11.00,8.00,93.00,96.73,1.00,21.19,21.12,0.10,0.03,21.09,-99.74,-95.75,2.07
11.00,9.00,93.00,96.74,1.00,13.79,13.74,0.70,0.65,13.09,-95.43,-90.07,-0.41
11.00,10.00,93.00,96.74,1.00,7.70,7.67,0.30,0.27,7.40,-88.93,-80.65,-0.21
11.00,12.00,93.00,96.75,1.00,7.38,7.35,0.07,0.04,7.31,-85.92,-81.70,0.97
11.00,13.00,93.00,96.75,1.00,14.79,14.73,0.07,0.01,14.72,-96.98,-87.72,1.54
11.00,14.00,93.00,96.75,1.00,22.05,21.97,0.14,0.06,21.91,-93.73,-91.77,-0.93
11.00,8.00,94.00,97.73,1.00,21.18,21.11,0.09,0.02,21.09,-98.91,-94.98,1.89
11.00,9.00,94.00,97.74,1.00,13.80,13.75,0.71,0.66,13.09,-96.88,-90.74,-0.24
11.00,10.00,94.00,97.74,1.00,7.74,7.71,0.34,0.31,7.40,-89.11,-80.60,-0.23
11.00,12.00,94.00,97.75,1.00,7.42,7.39,0.11,0.08,7.31,-85.49,-81.50,1.16
11.00,13.00,94.00,97.75,1.00,14.75,14.69,0.03,0.03,14.72,-96.38,-87.33,1.41
11.00,14.00,94.00,97.75,1.00,22.02,21.94,0.11,0.03,21.91,-92.96,-91.44,-0.90
11.00,8.00,95.00,98.73,0.00,nan,nan,nan,nan,21.09,nan,nan,nan
11.00,9.00,95.00,98.74,1.00,13.81,13.76,0.72,0.67,13.09,-95.93,-90.41,-0.24
11.00,10.00,95.00,98.74,1.00,7.71,7.68,0.31,0.28,7.40,-89.70,-80.70,-0.27
11.00,12.00,95.00,98.75,1.00,7.46,7.43,0.15,0.12,7.31,-86.72,-82.34,1.06
11.00,13.00,95.00,98.75,1.00,14.83,14.77,0.11,0.05,14.72,-96.54,-87.19,1.51
11.00,14.00,95.00,98.75,1.00,22.04,21.96,0.13,0.05,21.91,-93.34,-91.36,-0.93
11.00,8.00,96.00,99.73,1.00,21.20,21.13,0.11,0.04,21.09,-99.55,-95.52,2.12
11.00,9.00,96.00,99.74,1.00,13.79,13.74,0.70,0.65,13.09,-96.49,-90.48,-0.22
11.00,10.00,96.00,99.74,1.00,7.71,7.68,0.31,0.28,7.40,-88.33,-80.72,-0.28
11.00,12.00,96.00,99.75,1.00,7.40,7.37,0.09,0.06,7.31,-85.51,-81.49,1.11
11.00,13.00,96.00,99.75,1.00,14.79,14.73,0.07,0.01,14.72,-96.33,-87.73,1.55
11.00,14.00,96.00,99.75,1.00,21.97,21.89,0.06,0.02,21.91,-93.55,-91.19,-0.91
11.00,8.00,97.00,100.73,1.00,21.21,21.14,0.12,0.05,21.09,-100.15,-95.19,2.14
11.00,9.00,97.00,100.74,1.00,13.80,13.75,0.71,0.66,13.09,-96.36,-90.63,-0.22
11.00,10.00,97.00,100.74,1.00,7.74,7.71,0.34,0.31,7.40,-88.53,-80.76,-0.26
11.00,12.00,97.00,100.75,1.00,7.42,7.39,0.11,0.08,7.31,-85.60,-81.47,1.03
11.00,13.00,97.00,100.75,1.00,14.81,14.75,0.09,0.03,14.72,-96.65,-87.33,1.36
11.00,14.00,97.00,100.75,1.00,22.01,21.93,0.10,0.02,21.91,-93.50,-91.28,-0.72
11.00,8.00,98.00,101.73,1.00,21.16,21.09,0.07,0.00,21.09,-100.13,-95.40,2.20
11.00,9.00,98.00,101.74,1.00,13.80,13.75,0.71,0.66,13.09,-95.97,-90.63,-0.43
11.00,10.00,98.00,101.74,1.00,7.73,7.70,0.33,0.30,7.40,-88.69,-80.77,-0.28
11.00,12.00,98.00,101.75,1.00,7.44,7.41,0.13,0.10,7.31,-85.56,-81.39,1.04
11.00,13.00,98.00,101.75,1.00,14.80,14.74,0.08,0.02,14.72,-97.03,-87.46,1.44
11.00,14.00,98.00,101.75,1.00,22.01,21.93,0.10,0.02,21.91,-93.55,-91.77,-0.93
11.00,8.00,99.00,102.73,1.00,21.20,21.13,0.11,0.04,21.09,-100.00,-95.52,1.95
11.00,9.00,99.00,102.74,1.00,13.83,13.78,0.74,0.69,13.09,-96.95,-91.72,-0.46
11.00,10.00,99.00,102.74,1.00,7.71,7.68,0.31,0.28,7.40,-88.03,-80.66,-0.33
11.00,12.00,99.00,102.75,1.00,7.44,7.41,0.13,0.10,7.31,-85.48,-81.46,1.17
11.00,13.00,99.00,102.75,1.00,14.84,14.78,0.12,0.06,14.72,-97.15,-87.26,1.58
11.00,14.00,99.00,102.75,1.00,22.04,21.96,0.13,0.05,21.91,-93.66,-91.63,-0.93
11.00,8.00,100.00,103.73,1.00,21.23,21.16,0.14,0.07,21.09,-99.29,-94.88,2.12
11.00,9.00,100.00,103.74,1.00,13.79,13.74,0.70,0.65,13.09,-97.18,-90.98,-0.35
11.00,10.00,100.00,103.74,1.00,7.68,7.65,0.28,0.25,7.40,-89.81,-81.03,-0.52
11.00,12.00,100.00,103.75,1.00,7.45,7.42,0.14,0.11,7.31,-85.15,-81.43,1.25
11.00,13.00,100.00,103.75,1.00,14.79,14.73,0.07,0.01,14.72,-97.59,-87.95,1.60
11.00,14.00,100.00,103.75,1.00,21.98,21.90,0.07,0.01,21.91,-93.38,-91.58,-0.87
11.00,8.00,101.00,104.73,1.00,21.18,21.11,0.09,0.02,21.09,-99.18,-95.78,2.10
11.00,9.00,101.00,104.74,1.00,13.76,13.71,0.67,0.62,13.09,-96.02,-90.48,-0.44
11.00,10.00,101.00,104.74,1.00,7.72,7.69,0.32,0.29,7.40,-88.45,-80.67,-0.29
11.00,12.00,101.00,104.75,1.00,7.46,7.43,0.15,0.12,7.31,-85.50,-81.47,1.13
11.00,13.00,101.00,104.75,1.00,14.84,14.78,0.12,0.06,14.72,-97.63,-87.44,1.68
11.00,14.00,101.00,104.75,1.00,22.00,21.92,0.09,0.01,21.91,-93.04,-91.02,-0.86
11.00,8.00,102.00,105.73,1.00,21.18,21.11,0.09,0.02,21.09,-99.23,-94.88,2.16
11.00,9.00,102.00,105.74,1.00,13.81,13.76,0.72,0.67,13.09,-96.19,-90.63,-0.28
11.00,10.00,102.00,105.74,1.00,7.71,7.68,0.31,0.28,7.40,-89.56,-80.74,-0.32
11.00,12.00,102.00,105.75,1.00,7.43,7.40,0.12,0.09,7.31,-86.56,-81.81,1.08
11.00,13.00,102.00,105.75,1.00,14.78,14.72,0.06,0.00,14.72,-97.65,-87.46,1.33
11.00,14.00,102.00,105.75,1.00,22.05,21.97,0.14,0.06,21.91,-93.56,-91.54,-0.93
11.00,8.00,103.00,106.73,1.00,21.22,21.15,0.13,0.06,21.09,-99.56,-94.78,2.08
11.00,9.00,103.00,106.74,1.00,13.76,13.71,0.67,0.62,13.09,-96.19,-90.28,-0.42
11.00,10.00,103.00,106.74,1.00,7.70,7.67,0.30,0.27,7.40,-89.34,-80.94,-0.46
11.00,12.00,103.00,106.75,1.00,7.43,7.40,0.12,0.09,7.31,-85.79,-81.60,1.13
11.00,13.00,103.00,106.75,1.00,14.79,14.73,0.07,0.01,14.72,-96.41,-87.44,1.40
11.00,14.00,103.00,106.75,0.00,nan,nan,nan,nan,21.91,nan,nan,nan
11.00,8.00,104.00,107.73,0.00,nan,nan,nan,nan,21.09,nan,nan,nan
11.00,9.00,104.00,107.74,1.00,13.79,13.74,0.70,0.65,13.09,-95.95,-90.71,-0.48
11.00,10.00,104.00,107.74,1.00,7.72,7.69,0.32,0.29,7.40,-88.50,-80.59,-0.32
11.00,12.00,104.00,107.75,1.00,7.42,7.39,0.11,0.08,7.31,-85.64,-81.67,0.92
11.00,13.00,104.00,107.75,1.00,14.83,14.77,0.11,0.05,14.72,-97.40,-87.46,1.59
11.00,14.00,104.00,107.75,1.00,22.03,21.95,0.12,0.04,21.91,-92.89,-91.14,-0.65
11.00,8.00,105.00,108.73,0.00,nan,nan,nan,nan,21.09,nan,nan,nan
11.00,9.00,105.00,108.74,1.00,13.80,13.75,0.71,0.66,13.09,-96.32,-90.86,-0.37
11.00,10.00,105.00,108.74,1.00,7.74,7.71,0.34,0.31,7.40,-89.50,-80.74,-0.43
11.00,12.00,105.00,108.75,1.00,7.43,7.40,0.12,0.09,7.31,-85.91,-81.57,1.18
11.00,13.00,105.00,108.75,1.00,14.79,14.73,0.07,0.01,14.72,-97.72,-87.87,1.53
11.00,14.00,105.00,108.75,1.00,22.04,21.96,0.13,0.05,21.91,-93.63,-91.36,-0.96
11.00,8.00,106.00,109.73,1.00,21.25,21.18,0.16,0.09,21.09,-98.68,-94.98,2.12
11.00,9.00,106.00,109.74,1.00,13.85,13.80,0.76,0.71,13.09,-96.30,-90.78,-0.25
11.00,10.00,106.00,109.74,1.00,7.74,7.71,0.34,0.31,7.40,-88.09,-80.59,-0.33
11.00,12.00,106.00,109.75,1.00,7.44,7.41,0.13,0.10,7.31,-85.42,-81.59,1.15
11.00,13.00,106.00,109.75,1.00,14.77,14.71,0.05,0.01,14.72,-97.60,-87.65,1.47
11.00,14.00,106.00,109.75,1.00,22.02,21.94,0.11,0.03,21.91,-92.88,-91.14,-0.55
11.00,8.00,107.00,110.73,1.00,21.19,21.12,0.10,0.03,21.09,-99.84,-95.08,2.14
11.00,9.00,107.00,110.74,1.00,13.83,13.78,0.74,0.69,13.09,-95.97,-90.59,-0.39
11.00,10.00,107.00,110.74,1.00,7.70,7.67,0.30,0.27,7.40,-88.16,-80.59,-0.40
11.00,12.00,107.00,110.75,1.00,7.43,7.40,0.12,0.09,7.31,-86.09,-81.55,1.04
11.00,13.00,107.00,110.75,1.00,14.81,14.75,0.09,0.03,14.72,-97.25,-87.36,1.76
11.00,14.00,107.00,110.75,1.00,22.05,21.97,0.14,0.06,21.91,-93.36,-91.44,-0.69
11.00,8.00,108.00,111.73,0.00,nan,nan,nan,nan,21.09,nan,nan,nan
11.00,9.00,108.00,111.74,1.00,13.77,13.72,0.68,0.63,13.09,-96.14,-90.52,-0.48
11.00,10.00,108.00,111.74,1.00,7.70,7.67,0.30,0.27,7.40,-88.64,-80.66,-0.55
11.00,12.00,108.00,111.75,1.00,7.40,7.37,0.09,0.06,7.31,-86.10,-81.70,1.00
11.00,13.00,108.00,111.75,1.00,14.80,14.74,0.08,0.02,14.72,-97.48,-88.07,1.52
11.00,14.00,108.00,111.75,1.00,22.04,21.96,0.13,0.05,21.91,-93.63,-91.67,-0.80
11.00,8.00,109.00,112.73,1.00,21.23,21.16,0.14,0.07,21.09,-99.91,-95.19,1.90
11.00,9.00,109.00,112.74,1.00,13.80,13.75,0.71,0.66,13.09,-95.77,-90.59,-0.42
11.00,10.00,109.00,112.74,1.00,7.70,7.67,0.30,0.27,7.40,-88.91,-80.67,-0.49
11.00,12.00,109.00,112.75,1.00,7.39,7.36,0.08,0.05,7.31,-85.96,-81.59,1.02
11.00,13.00,109.00,112.75,1.00,14.77,14.71,0.05,0.01,14.72,-97.34,-87.70,1.65
11.00,14.00,109.00,112.75,1.00,22.03,21.95,0.12,0.04,21.91,-93.84,-91.63,-1.02
11.00,8.00,110.00,113.73,1.00,21.20,21.13,0.11,0.04,21.09,-99.93,-94.50,1.97
11.00,9.00,110.00,113.74,1.00,13.79,13.74,0.70,0.65,13.09,-95.93,-90.78,-0.37
11.00,10.00,110.00,113.74,1.00,7.72,7.69,0.32,0.29,7.40,-89.49,-80.66,-0.58
11.00,12.00,110.00,113.75,1.00,7.40,7.37,0.09,0.06,7.31,-85.81,-81.66,1.01
11.00,13.00,110.00,113.75,1.00,14.76,14.70,0.04,0.02,14.72,-96.83,-87.62,1.48
11.00,14.00,110.00,113.75,1.00,22.12,22.04,0.21,0.13,21.91,-93.85,-91.87,-0.71
11.00,8.00,111.00,114.73,1.00,21.25,21.18,0.16,0.09,21.09,-99.58,-95.08,2.11
11.00,9.00,111.00,114.74,1.00,13.82,13.77,0.73,0.68,13.09,-95.74,-90.48,-0.42
11.00,10.00,111.00,114.74,1.00,7.69,7.66,0.29,0.26,7.40,-88.24,-80.50,-0.56
11.00,12.00,111.00,114.75,1.00,7.40,7.37,0.09,0.06,7.31,-86.04,-81.71,1.05
11.00,13.00,111.00,114.75,1.00,14.78,14.72,0.06,0.00,14.72,-97.33,-87.55,1.34
11.00,14.00,111.00,114.75,1.00,22.01,21.93,0.10,0.02,21.91,-93.13,-91.10,-0.86
11.00,8.00,112.00,115.73,1.00,21.21,21.14,0.12,0.05,21.09,-99.48,-95.08,2.16
11.00,9.00,112.00,115.74,1.00,13.81,13.76,0.72,0.67,13.09,-96.24,-90.71,-0.44
11.00,10.00,112.00,115.74,1.00,7.69,7.66,0.29,0.26,7.40,-88.13,-80.58,-0.40
11.00,12.00,112.00,115.75,1.00,7.43,7.40,0.12,0.09,7.31,-85.56,-81.53,0.88
11.00,13.00,112.00,115.75,1.00,14.76,14.70,0.04,0.02,14.72,-96.88,-87.81,1.38
11.00,14.00,112.00,115.75,1.00,22.04,21.96,0.13,0.05,21.91,-93.44,-91.47,-0.93
11.00,8.00,113.00,116.73,1.00,21.21,21.14,0.12,0.05,21.09,-99.00,-94.50,2.30
11.00,9.00,113.00,116.74,1.00,13.79,13.74,0.70,0.65,13.09,-96.44,-90.86,-0.36
11.00,10.00,113.00,116.74,1.00,7.73,7.70,0.33,0.30,7.40,-88.52,-80.66,-0.53
11.00,12.00,113.00,116.75,1.00,7.47,7.44,0.16,0.13,7.31,-85.23,-81.33,1.04
11.00,13.00,113.00,116.75,1.00,14.77,14.71,0.05,0.01,14.72,-97.27,-87.53,1.41
11.00,14.00,113.00,116.75,1.00,22.06,21.98,0.15,0.07,21.91,-93.19,-91.31,-0.66
11.00,8.00,114.00,117.73,1.00,21.20,21.13,0.11,0.04,21.09,-100.01,-93.75,2.06
11.00,9.00,114.00,117.74,1.00,13.84,13.79,0.75,0.70,13.09,-96.60,-90.74,-0.32
11.00,10.00,114.00,117.74,1.00,7.70,7.67,0.30,0.27,7.40,-88.47,-80.84,-0.42
11.00,12.00,114.00,117.75,1.00,7.47,7.44,0.16,0.13,7.31,-86.35,-81.92,1.03
11.00,13.00,114.00,117.75,1.00,14.78,14.72,0.06,0.00,14.72,-97.23,-87.61,1.49
11.00,14.00,114.00,117.75,1.00,22.02,21.94,0.11,0.03,21.91,-93.87,-91.58,-0.91
11.00,8.00,115.00,118.73,1.00,21.21,21.14,0.12,0.05,21.09,-99.23,-94.69,1.91
11.00,9.00,115.00,118.74,1.00,13.77,13.72,0.68,0.63,13.09,-96.16,-90.74,-0.45
11.00,10.00,115.00,118.74,1.00,7.72,7.69,0.32,0.29,7.40,-88.47,-80.78,-0.51
11.00,12.00,115.00,118.75,1.00,7.39,7.36,0.08,0.05,7.31,-86.78,-81.87,1.12
11.00,13.00,115.00,118.75,1.00,14.84,14.78,0.12,0.06,14.72,-97.98,-87.20,1.43
11.00,14.00,115.00,118.75,1.00,22.02,21.94,0.11,0.03,21.91,-93.52,-91.54,-0.90
11.00,8.00,116.00,119.73,0.00,nan,nan,nan,nan,21.09,nan,nan,nan
11.00,9.00,116.00,119.74,1.00,13.82,13.77,0.73,0.68,13.09,-97.44,-91.82,-0.31
11.00,10.00,116.00,119.74,1.00,7.74,7.71,0.34,0.31,7.40,-88.61,-80.81,-0.43
11.00,12.00,116.00,119.75,1.00,7.40,7.37,0.09,0.06,7.31,-86.15,-81.63,0.93
11.00,13.00,116.00,119.75,1.00,14.84,14.78,0.12,0.06,14.72,-96.92,-87.47,1.52
11.00,14.00,116.00,119.75,1.00,22.00,21.92,0.09,0.01,21.91,-93.08,-91.19,-0.80
11.00,8.00,117.00,120.73,1.00,21.22,21.15,0.13,0.06,21.09,-99.21,-94.88,1.92
11.00,9.00,117.00,120.74,1.00,13.80,13.75,0.71,0.66,13.09,-96.79,-91.06,-0.47
11.00,10.00,117.00,120.74,1.00,7.69,7.66,0.29,0.26,7.40,-88.50,-80.56,-0.55
11.00,12.00,117.00,120.75,1.00,7.48,7.45,0.17,0.14,7.31,-85.30,-81.37,0.94
11.00,13.00,117.00,120.75,1.00,14.80,14.74,0.08,0.02,14.72,-97.70,-87.49,1.35
11.00,14.00,117.00,120.75,1.00,21.99,21.91,0.08,0.00,21.91,-93.70,-91.72,-0.78
